{
    "types": [
        {
            "id": 1,
            "name": "Earth Science",
            "changed": "2017-02-21 00:00:00"
        },
        {
            "id": 2,
            "name": "Planetary Science",
            "changed": "2017-02-21 00:00:00"
        },
        {
            "id": 3,
            "name": "Astrophysics",
            "changed": "2017-02-21 00:00:00"
        },
        {
            "id": 4,
            "name": "Heliophysics",
            "changed": "2017-02-21 00:00:00"
        },
        {
            "id": 5,
            "name": "Human Exploration",
            "changed": "2017-02-21 00:00:00"
        },
        {
            "id": 6,
            "name": "Robotic Exploration",
            "changed": "2017-02-21 00:00:00"
        },
        {
            "id": 7,
            "name": "Government/Top Secret",
            "changed": "2017-02-21 00:00:00"
        },
        {
            "id": 8,
            "name": "Tourism",
            "changed": "2017-02-21 00:00:00"
        },
        {
            "id": 9,
            "name": "Unknown",
            "changed": "2017-02-21 00:00:00"
        },
        {
            "id": 10,
            "name": "Communications",
            "changed": "2017-02-21 00:00:00"
        },
        {
            "id": 11,
            "name": "Resupply",
            "changed": "2017-02-21 00:00:00"
        },
        {
            "id": 12,
            "name": "Suborbital",
            "changed": "2017-02-21 00:00:00"
        },
        {
            "id": 13,
            "name": "Test Flight",
            "changed": "2017-02-21 00:00:00"
        },
        {
            "id": 14,
            "name": "Dedicated Rideshare",
            "changed": "2017-02-21 00:00:00"
        }
    ],
    "total": 14,
    "count": 14,
    "offset": 0
}